"x","y","colour","fill","PANEL","group","flipped_aes","linewidth","linetype","alpha"
19905,1.589670555064,"#434E7C","#434E7C","1",1,FALSE,0.8,1,NA
19936,1.49459071109884,"#434E7C","#434E7C","1",1,FALSE,0.8,1,NA
19967,1.53182997693484,"#434E7C","#434E7C","1",1,FALSE,0.8,1,NA
19997,1.52685617440293,"#434E7C","#434E7C","1",1,FALSE,0.8,1,NA
20028,1.48044292272789,"#434E7C","#434E7C","1",1,FALSE,0.8,1,NA
20058,1.50218975588375,"#434E7C","#434E7C","1",1,FALSE,0.8,1,NA
20089,1.52466187467163,"#434E7C","#434E7C","1",1,FALSE,0.8,1,NA
20120,1.5519243672639,"#434E7C","#434E7C","1",1,FALSE,0.8,1,NA
20240,1.46150892474924,"#434E7C","#434E7C","1",1,FALSE,0.8,1,NA
20270,1.56623238488931,"#434E7C","#434E7C","1",1,FALSE,0.8,1,NA
20301,1.56154982744124,"#434E7C","#434E7C","1",1,FALSE,0.8,1,NA
20332,1.49923615756515,"#434E7C","#434E7C","1",1,FALSE,0.8,1,NA
20362,1.49644787148741,"#434E7C","#434E7C","1",1,FALSE,0.8,1,NA
20393,1.53451824985244,"#434E7C","#434E7C","1",1,FALSE,0.8,1,NA
20454,1.58457222221144,"#434E7C","#434E7C","1",1,FALSE,0.8,1,NA
20485,1.52238881667871,"#434E7C","#434E7C","1",1,FALSE,0.8,1,NA
NA,1.60826532490085,"#434E7C","#434E7C","1",1,FALSE,0.8,1,NA
19905,1.52631588157251,"#FF8200","#FF8200","1",2,FALSE,0.8,1,NA
19936,2.00913538375333,"#FF8200","#FF8200","1",2,FALSE,0.8,1,NA
19967,1.66010670982199,"#FF8200","#FF8200","1",2,FALSE,0.8,1,NA
19997,1.73126426204215,"#FF8200","#FF8200","1",2,FALSE,0.8,1,NA
20028,1.65411006778445,"#FF8200","#FF8200","1",2,FALSE,0.8,1,NA
20058,1.8886357959472,"#FF8200","#FF8200","1",2,FALSE,0.8,1,NA
20089,1.89192492485528,"#FF8200","#FF8200","1",2,FALSE,0.8,1,NA
20120,1.43699623018549,"#FF8200","#FF8200","1",2,FALSE,0.8,1,NA
20240,1.81074222456791,"#FF8200","#FF8200","1",2,FALSE,0.8,1,NA
20270,1.96322504816715,"#FF8200","#FF8200","1",2,FALSE,0.8,1,NA
20301,1.72125891269144,"#FF8200","#FF8200","1",2,FALSE,0.8,1,NA
20332,1.87904899583972,"#FF8200","#FF8200","1",2,FALSE,0.8,1,NA
20362,2.40026602697634,"#FF8200","#FF8200","1",2,FALSE,0.8,1,NA
20393,2.04472755564867,"#FF8200","#FF8200","1",2,FALSE,0.8,1,NA
20454,1.86560793430164,"#FF8200","#FF8200","1",2,FALSE,0.8,1,NA
20485,2.31810433907354,"#FF8200","#FF8200","1",2,FALSE,0.8,1,NA
NA,1.88063492947005,"#FF8200","#FF8200","1",2,FALSE,0.8,1,NA
19905,1.48485674780145,"#434E7C","#434E7C","2",1,FALSE,0.8,1,NA
19936,1.40679175233407,"#434E7C","#434E7C","2",1,FALSE,0.8,1,NA
19967,1.43114786775136,"#434E7C","#434E7C","2",1,FALSE,0.8,1,NA
19997,1.44295420203228,"#434E7C","#434E7C","2",1,FALSE,0.8,1,NA
20028,1.43107724223822,"#434E7C","#434E7C","2",1,FALSE,0.8,1,NA
20058,1.40086111713738,"#434E7C","#434E7C","2",1,FALSE,0.8,1,NA
20089,1.39797982996813,"#434E7C","#434E7C","2",1,FALSE,0.8,1,NA
20120,1.4710233401531,"#434E7C","#434E7C","2",1,FALSE,0.8,1,NA
20240,1.43847663388286,"#434E7C","#434E7C","2",1,FALSE,0.8,1,NA
20270,1.44367263894714,"#434E7C","#434E7C","2",1,FALSE,0.8,1,NA
20301,1.4747188491354,"#434E7C","#434E7C","2",1,FALSE,0.8,1,NA
20332,1.46485383164643,"#434E7C","#434E7C","2",1,FALSE,0.8,1,NA
20362,1.3395771880435,"#434E7C","#434E7C","2",1,FALSE,0.8,1,NA
20393,1.48084923680134,"#434E7C","#434E7C","2",1,FALSE,0.8,1,NA
20454,1.41349088148015,"#434E7C","#434E7C","2",1,FALSE,0.8,1,NA
20485,1.31834732228665,"#434E7C","#434E7C","2",1,FALSE,0.8,1,NA
NA,1.47007993600622,"#434E7C","#434E7C","2",1,FALSE,0.8,1,NA
19905,1.53644474376637,"#FF8200","#FF8200","2",2,FALSE,0.8,1,NA
19936,2.27833175209368,"#FF8200","#FF8200","2",2,FALSE,0.8,1,NA
19967,1.60011312327757,"#FF8200","#FF8200","2",2,FALSE,0.8,1,NA
19997,1.69035928874667,"#FF8200","#FF8200","2",2,FALSE,0.8,1,NA
20028,1.65324128241145,"#FF8200","#FF8200","2",2,FALSE,0.8,1,NA
20058,1.76458997179796,"#FF8200","#FF8200","2",2,FALSE,0.8,1,NA
20089,1.97454695495806,"#FF8200","#FF8200","2",2,FALSE,0.8,1,NA
20120,1.77596927472786,"#FF8200","#FF8200","2",2,FALSE,0.8,1,NA
20240,1.65078770691359,"#FF8200","#FF8200","2",2,FALSE,0.8,1,NA
20270,2.42042618961257,"#FF8200","#FF8200","2",2,FALSE,0.8,1,NA
20301,1,"#FF8200","#FF8200","2",2,FALSE,0.8,1,NA
20332,1.78422609369081,"#FF8200","#FF8200","2",2,FALSE,0.8,1,NA
20362,2.27665595354735,"#FF8200","#FF8200","2",2,FALSE,0.8,1,NA
20393,2.31134411124045,"#FF8200","#FF8200","2",2,FALSE,0.8,1,NA
20454,1.71641135959169,"#FF8200","#FF8200","2",2,FALSE,0.8,1,NA
20485,2.36926909889741,"#FF8200","#FF8200","2",2,FALSE,0.8,1,NA
NA,1.90732786529614,"#FF8200","#FF8200","2",2,FALSE,0.8,1,NA
19905,1.31033216734931,"#434E7C","#434E7C","3",1,FALSE,0.8,1,NA
19936,1.30632550621172,"#434E7C","#434E7C","3",1,FALSE,0.8,1,NA
19967,1.3017102733154,"#434E7C","#434E7C","3",1,FALSE,0.8,1,NA
19997,1.3482065906859,"#434E7C","#434E7C","3",1,FALSE,0.8,1,NA
20028,1.33190116747492,"#434E7C","#434E7C","3",1,FALSE,0.8,1,NA
20058,1.30736800783082,"#434E7C","#434E7C","3",1,FALSE,0.8,1,NA
20089,1.33217352128408,"#434E7C","#434E7C","3",1,FALSE,0.8,1,NA
20120,1.34190108767385,"#434E7C","#434E7C","3",1,FALSE,0.8,1,NA
20240,1.40174391175043,"#434E7C","#434E7C","3",1,FALSE,0.8,1,NA
20270,1.32843657539269,"#434E7C","#434E7C","3",1,FALSE,0.8,1,NA
20301,1.40592876489669,"#434E7C","#434E7C","3",1,FALSE,0.8,1,NA
20332,1.37674573882711,"#434E7C","#434E7C","3",1,FALSE,0.8,1,NA
20362,1.3313800984643,"#434E7C","#434E7C","3",1,FALSE,0.8,1,NA
20393,1.44871800812991,"#434E7C","#434E7C","3",1,FALSE,0.8,1,NA
20454,1.29824240423961,"#434E7C","#434E7C","3",1,FALSE,0.8,1,NA
20485,1.20247017733459,"#434E7C","#434E7C","3",1,FALSE,0.8,1,NA
NA,1.41573640886588,"#434E7C","#434E7C","3",1,FALSE,0.8,1,NA
19905,1.39103610600796,"#FF8200","#FF8200","3",2,FALSE,0.8,1,NA
19936,2.01649485566521,"#FF8200","#FF8200","3",2,FALSE,0.8,1,NA
19967,2.00137821412012,"#FF8200","#FF8200","3",2,FALSE,0.8,1,NA
19997,1.59042627169899,"#FF8200","#FF8200","3",2,FALSE,0.8,1,NA
20028,1.19347796256785,"#FF8200","#FF8200","3",2,FALSE,0.8,1,NA
20058,1.52560547673341,"#FF8200","#FF8200","3",2,FALSE,0.8,1,NA
20089,1.98721609022414,"#FF8200","#FF8200","3",2,FALSE,0.8,1,NA
20120,1.41087419694523,"#FF8200","#FF8200","3",2,FALSE,0.8,1,NA
20240,1.19301604755782,"#FF8200","#FF8200","3",2,FALSE,0.8,1,NA
20270,2.07101991411384,"#FF8200","#FF8200","3",2,FALSE,0.8,1,NA
20301,1.76654312383488,"#FF8200","#FF8200","3",2,FALSE,0.8,1,NA
20332,2.26356673399373,"#FF8200","#FF8200","3",2,FALSE,0.8,1,NA
20362,2.27338877671573,"#FF8200","#FF8200","3",2,FALSE,0.8,1,NA
20393,1.96306534535341,"#FF8200","#FF8200","3",2,FALSE,0.8,1,NA
20454,1.60355377852764,"#FF8200","#FF8200","3",2,FALSE,0.8,1,NA
20485,2.34159885864168,"#FF8200","#FF8200","3",2,FALSE,0.8,1,NA
NA,1.81316577144317,"#FF8200","#FF8200","3",2,FALSE,0.8,1,NA
